id,task,completed
1,Complete monthly report,false
2,Schedule team meeting,true
3,Respond to pending emails,false
4,Update project documentation,false
5,Prepare presentation for stakeholders,true
6,Review authentication module code,false
7,Implement unit tests,false
8,Perform database backup,true
9,Set up development environment,true
10,Fix login page bug,false
11,Optimize SQL queries,false
12,Create wireframes for new interface,true
13,Establish performance metrics,false
14,Study new testing framework,false
15,Refactor legacy code,false
16,Add form validation,true
17,Participate in client call,true
18,Configure CI/CD pipeline,false
19,Review pending pull requests,false
20,Analyze user feedback,true
21,Create API documentation,false
22,Implement OAuth authentication,false
23,Optimize page loading time,true
24,Set up error monitoring,false
25,Migrate database to new version,false
26,Update project dependencies,true
27,Test cross-browser compatibility,false
28,Implement dark mode in application,false
29,Create automation scripts,true
30,Conduct weekly code review,false